name,exterior,price
AK-47 | Aquamarine Revenge,FN,1780.0
AK-47 | Asiimov,FN,3100.0
AK-47 | Bloodsport,FN,1678.95
AK-47 | Blue Laminate,FN,184.9
AK-47 | Case Hardened,FN,3496.55
AK-47 | Elite Build,FN,64.0
AK-47 | Frontside Misty,FN,1563.0
AK-47 | Fuel Injector,FN,6078.0
AK-47 | Head Shot,FN,835.5
AK-47 | Ice Coaled,FN,126.5
AK-47 | Legion of Anubis,FN,378.0
AK-47 | Neon Revolution,FN,2485.0
AK-47 | Neon Rider,FN,1954.5
AK-47 | Nightwish,FN,1118.5
AK-47 | Orbit Mk01,FN,759.5
AK-47 | Phantom Disruptor,FN,231.0
AK-47 | Point Disarray,FN,698.5
AK-47 | Rat Rod,FN,483.1
AK-47 | Red Laminate,FN,3099.0
AK-47 | Redline,MW,1831.5
AK-47 | Slate,FN,113.5
AK-47 | The Empress,FN,2739.99
AUG | Amber Slipstream,FN,3.65
AUG | Arctic Wolf,FN,66.66
AUG | Aristocrat,FN,28.2
AUG | Chameleon,FN,567.5
AUG | Death by Puppy,FN,111.66
AUG | Fleet Flock,FN,259.49
AUG | Momentum,FN,344.5
AUG | Plague,FN,25.77
AUG | Stymphalian,FN,128.0
AUG | Syd Mead,FN,248.5
AUG | Tom Cat,FN,3.28
AUG | Triqua,FN,5.5
AUG | Wings,FN,129.29
AWP | Asiimov,FT,784.0
AWP | Atheris,FN,116.4
AWP | BOOM,FN,4490.0
AWP | Capillary,FN,29.4
AWP | Chromatic Aberration,FN,587.38
AWP | Containment Breach,FN,7970.0
AWP | Duality,FN,115.5
AWP | Electric Hive,FN,779.5
AWP | Exoskeleton,FN,213.99
AWP | Fever Dream,FN,209.5
AWP | Graphite,FN,1440.0
AWP | Hyper Beast,FN,1275.0
AWP | Lightning Strike,FN,3930.0
AWP | Man-o'-war,MW,780.0
AWP | Mortis,FN,119.5
AWP | Oni Taiji,FN,7998.28
AWP | Phobos,FN,31.39
AWP | Wildfire,FN,1290.0
AWP | Worm God,FN,28.6
CZ75-Auto | Circaetus,FN,6.29
CZ75-Auto | Crimson Web,FN,110.0
CZ75-Auto | Distressed,FN,4.89
CZ75-Auto | Hexane,FN,40.0
CZ75-Auto | Imprint,FN,6.94
CZ75-Auto | Pole Position,FN,28.89
CZ75-Auto | Polymer,FN,11.3
CZ75-Auto | Tacticat,FN,21.87
CZ75-Auto | The Fuschia Is Now,FN,249.99
CZ75-Auto | Tread Plate,FN,45.0
CZ75-Auto | Victoria,FN,659.0
CZ75-Auto | Xiangliu,FN,194.49
CZ75-Auto | Yellow Jacket,FN,193.5
Desert Eagle | Blue Ply,FN,15.9
Desert Eagle | Bronze Deco,FN,4.07
Desert Eagle | Cobalt Disruption,FN,704.0
Desert Eagle | Code Red,FN,1300.0
Desert Eagle | Corinthian,WW,4.9
Desert Eagle | Directive,FN,217.9
Desert Eagle | Heirloom,FN,562.7
Desert Eagle | Hypnotic,FN,1040.0
Desert Eagle | Light Rail,FN,41.0
Desert Eagle | Mecha Industries,FN,115.0
Desert Eagle | Oxide Blaze,FN,6.46
Desert Eagle | Printstream,FN,607.99
Desert Eagle | Trigger Discipline,FN,29.0
Dual Berettas | Balance,FN,35.38
Dual Berettas | Black Limba,FN,109.0
Dual Berettas | Cartel,FN,18.8
Dual Berettas | Cobra Strike,FN,939.0
Dual Berettas | Dezastre,FN,117.0
Dual Berettas | Dualing Dragons,FN,16.9
Dual Berettas | Elite 1.6,FN,3.9
Dual Berettas | Flora Carnivora,FN,23.1
Dual Berettas | Hemoglobin,FN,98.0
Dual Berettas | Melondrama,FN,128.5
Dual Berettas | Panther,FN,22.58
Dual Berettas | Royal Consorts,FN,77.99
Dual Berettas | Tread,FN,33.0
Dual Berettas | Ventilators,FN,3.92
FAMAS | Afterimage,FN,343.4
FAMAS | Commemoration,FN,318.0
FAMAS | Crypsis,FN,4.97
FAMAS | Decommissioned,FN,6.56
FAMAS | Djinn,FN,292.5
FAMAS | Doomkitty,MW,33.0
FAMAS | Eye of Athena,FN,178.5
FAMAS | Hexane,FN,22.42
FAMAS | Macabre,BS,26.99
FAMAS | Mecha Industries,FN,639.49
FAMAS | Meow 36,FN,4.39
FAMAS | Neural Net,FN,24.0
FAMAS | Rapid Eye Movement,FN,138.5
FAMAS | Roll Cage,FN,1249.5
FAMAS | Sergeant,MW,88.88
FAMAS | Survivor Z,FN,7.44
Five-SeveN | Angry Mob,FN,442.5
Five-SeveN | Buddy,FN,17.0
Five-SeveN | Capillary,FN,4.8
Five-SeveN | Case Hardened,FN,154.41
Five-SeveN | Copper Galaxy,FN,91.9
Five-SeveN | Fairy Tale,FN,894.5
Five-SeveN | Flame Test,FN,2.93
Five-SeveN | Hyper Beast,FN,5818.0
Five-SeveN | Kami,FN,19.9
Five-SeveN | Monkey Business,MW,285.0
Five-SeveN | Nightshade,FN,22.9
Five-SeveN | Retrobution,FN,117.9
Five-SeveN | Scrawl,FN,4.97
Five-SeveN | Scumbria,FN,6.06
Five-SeveN | Urban Hazard,FN,18.88
Five-SeveN | Violent Daimyo,FN,8.78
G3SG1 | Azure Zebra,FN,22.5
G3SG1 | Black Sand,FN,14.89
G3SG1 | Demeter,FN,122.94
G3SG1 | Digital Mesh,FN,14.28
G3SG1 | Dream Glade,FN,24.7
G3SG1 | Flux,FN,349.5
G3SG1 | Hunter,FN,5.66
G3SG1 | Keeping Tabs,FN,26.0
G3SG1 | Murky,FN,12.0
G3SG1 | Orange Crash,FN,3.9
G3SG1 | Scavenger,FN,16.99
G3SG1 | Stinger,FN,79.99
G3SG1 | The Executioner,MW,490.0
G3SG1 | Ventilator,FN,3.83
Galil AR | Akoben,FN,5.23
Galil AR | Black Sand,FN,16.16
Galil AR | Blue Titanium,FN,35.63
Galil AR | Chatterbox,FT,1248.0
Galil AR | Chromatic Aberration,FN,404.5
Galil AR | Crimson Tsunami,FN,33.35
Galil AR | Destroyer,FN,2.87
Galil AR | Eco,MW,502.0
Galil AR | Firefight,FN,46.78
Galil AR | Kami,FN,24.67
Galil AR | Orange DDPAT,FN,624.49
Galil AR | Sandstorm,MW,38.78
Galil AR | Shattered,FN,200.0
Galil AR | Signal,FN,15.1
Galil AR | Stone Cold,FN,85.89
Galil AR | Sugar Rush,FN,1884.5
Galil AR | Vandal,FN,20.0
Glock-18 | Blue Fissure,FN,188.23
Glock-18 | Bullet Queen,FN,1155.0
Glock-18 | Catacombs,FN,8.19
Glock-18 | Clear Polymer,FN,11.77
Glock-18 | Dragon Tattoo,FN,869.2
Glock-18 | Grinder,FN,35.99
Glock-18 | Ironwork,FN,29.87
Glock-18 | Moonrise,FN,21.8
Glock-18 | Off World,FN,11.4
Glock-18 | Oxide Blaze,FN,6.1
Glock-18 | Sacrifice,FN,16.5
Glock-18 | Umbral Rabbit,FN,13.78
Glock-18 | Vogue,FN,95.0
Glock-18 | Wasteland Rebel,FN,1064.5
Glock-18 | Weasel,FN,57.9
Glock-18 | Winterized,FN,4.62
Glock-18 | Wraiths,FN,15.0
M249 | Aztec,FN,19.8
M249 | Deep Relief,FN,15.0
M249 | Downtown,FN,11.65
M249 | Emerald Poison Dart,FN,25.0
M249 | Magma,FN,10.6
M249 | Nebula Crusader,FN,68.35
M249 | Spectre,FN,3.92
M249 | System Lock,FN,6.85
M249 | Warbird,FN,26.57
M4A1-S | Basilisk,FN,206.0
M4A1-S | Blood Tiger,FN,70.0
M4A1-S | Briefing,FN,212.0
M4A1-S | Bright Water,MW,267.25
M4A1-S | Chantico's Fire,FN,3679.0
M4A1-S | Dark Water,MW,749.0
M4A1-S | Decimator,FN,450.0
M4A1-S | Emphorosaur-S,FN,29.88
M4A1-S | Flashback,FN,186.99
M4A1-S | Golden Coil,FN,2584.5
M4A1-S | Hyper Beast,FN,4140.0
M4A1-S | Leaded Glass,FN,353.5
M4A1-S | Mecha Industries,FN,2249.5
M4A1-S | Night Terror,FN,15.87
M4A1-S | Player Two,FN,1423.0
M4A1-S | Printstream,FN,5068.5
M4A4 | Buzz Kill,FN,7099.99
M4A4 | Cyber Security,FN,2488.88
M4A4 | Desolate Space,FN,703.5
M4A4 | Evil Daimyo,FN,75.71
M4A4 | Faded Zebra,FN,268.0
M4A4 | Griffin,FN,407.5
M4A4 | Hellfire,FN,5965.0
M4A4 | Magnesium,FN,30.4
M4A4 | Neo-Noir,FN,1880.0
M4A4 | Poly Mag,FN,5.78
M4A4 | Royal Paladin,FN,3574.99
M4A4 | Temukau,FN,870.5
M4A4 | The Emperor,FN,2760.0
M4A4 | Tooth Fairy,FN,143.0
M4A4 | X-Ray,FN,1890.0
M4A4 | Zirka,FN,600.0
MAC-10 | Allure,FN,23.75
MAC-10 | Aloha,FN,52.0
MAC-10 | Button Masher,FN,42.8
MAC-10 | Carnivore,FN,7.94
MAC-10 | Classic Crate,FN,5.91
MAC-10 | Disco Tech,FN,222.0
MAC-10 | Ensnared,FN,4.4
MAC-10 | Graven,FN,449.4
MAC-10 | Heat,FN,96.0
MAC-10 | Lapis Gator,FN,10.67
MAC-10 | Last Dive,FN,33.2
MAC-10 | Monkeyflage,FN,4.49
MAC-10 | Neon Rider,FN,849.99
MAC-10 | Oceanic,FN,3.69
MAC-10 | Pipe Down,FN,29.0
MAC-10 | Rangeen,FN,5.94
MAC-10 | Sakkaku,FT,5.0
MAC-10 | Stalker,FN,897.0
MAC-10 | Ultraviolet,FN,295.5
MAC-10 | Whitefish,FN,7.98
MAG-7 | Cobalt Core,FN,6.25
MAG-7 | Firestarter,FN,34.0
MAG-7 | Foresight,FN,2.56
MAG-7 | Hard Water,FN,45.0
MAG-7 | Heat,FN,38.0
MAG-7 | Heaven Guard,FN,7.24
MAG-7 | Insomnia,FN,4.26
MAG-7 | Justice,FN,144.5
MAG-7 | Memento,FN,46.16
MAG-7 | Monster Call,FN,22.9
MAG-7 | Petroglyph,FN,26.0
MAG-7 | Popdog,FN,4.64
MAG-7 | SWAG-7,FN,24.9
MAG-7 | Sonar,FN,11.95
MP5-SD | Acid Wash,FN,14.4
MP5-SD | Agent,FN,29.8
MP5-SD | Condition Zero,FN,18.99
MP5-SD | Desert Strike,FN,4.87
MP5-SD | Gauss,FN,21.9
MP5-SD | Kitbash,FN,15.77
MP5-SD | Liquidation,FN,4.52
MP5-SD | Necro Jr.,FN,4.71
MP5-SD | Phosphor,FN,108.0
MP7 | Abyssal Apparition,FN,135.5
MP7 | Akoben,FN,3.95
MP7 | Armor Core,FN,3.83
MP7 | Bloodsport,FN,623.0
MP7 | Cirrus,FN,11.0
MP7 | Guerrilla,FN,38.0
MP7 | Mischief,MW,7.95
MP7 | Nemesis,FN,141.5
MP7 | Neon Ply,FN,70.0
MP7 | Skulls,MW,124.0
MP7 | Special Delivery,FN,61.0
MP7 | Urban Hazard,FN,5.96
MP9 | Airlock,FN,236.5
MP9 | Bioleak,FN,3.94
MP9 | Black Sand,FN,4.29
MP9 | Dart,FN,14.09
MP9 | Featherweight,FN,4.28
MP9 | Food Chain,FN,170.0
MP9 | Goo,FN,21.93
MP9 | Hydra,FN,275.0
MP9 | Hypnotic,FN,99.9
MP9 | Modest Threat,FN,2.92
MP9 | Ruby Poison Dart,FN,24.34
MP9 | Sand Scale,FN,10.43
Negev | Bratatat,FN,57.9
Negev | Dazzle,MW,4.55
Negev | Desert-Strike,FN,5.62
Negev | Drop Me,FN,4.28
Negev | Lionfish,FN,14.1
Negev | Loudmouth,MW,58.5
Negev | Man-o'-war,MW,1.8
Negev | Power Loader,FN,52.8
Negev | Prototype,FN,3.26
Negev | Terrain,FN,7.05
Negev | Ultralight,FN,2.82
Negev | dev_texture,FN,18.3
Nova | Antique,FN,119.5
Nova | Clear Polymer,FN,123.8
Nova | Exo,FN,4.39
Nova | Ghost Camo,FN,19.89
Nova | Gila,FN,74.89
Nova | Graphite,FN,74.88
Nova | Plume,FN,13.8
Nova | Tempest,FN,92.99
Nova | Wild Six,FN,14.8
Nova | Windblown,FN,3.46
Nova | Wood Fired,FN,3.95
P2000 | Acid Etched,FN,53.0
P2000 | Gnarled,FN,4.29
P2000 | Handgun,FN,55.0
P2000 | Imperial,FN,5.0
P2000 | Imperial Dragon,FN,223.0
P2000 | Ivory,FN,10.77
P2000 | Lifted Spirits,FN,4.62
P2000 | Obsidian,FN,79.9
P2000 | Ocean Foam,FN,1049.0
P2000 | Oceanic,FN,4.1
P2000 | Red FragCam,FN,24.0
P2000 | Turf,FN,16.76
P2000 | Urban Hazard,FN,4.57
P2000 | Wicked Sick,FN,114.0
P2000 | Woodsman,FN,318.88
P250 | Asiimov,MW,307.5
P250 | Cartel,FN,188.0
P250 | Cassette,FN,2.43
P250 | Cyber Shell,FN,21.74
P250 | Hive,FN,21.0
P250 | Inferno,FN,19.78
P250 | Iron Clad,FN,29.8
P250 | Muertos,FT,91.0
P250 | Nevermore,FN,18.0
P250 | Re.built,FN,4.23
P250 | Red Rock,FN,379.5
P250 | Ripple,FN,3.93
P250 | See Ya Later,FN,825.0
P250 | Splash,FN,448.0
P250 | Steel Disruption,FN,21.0
P250 | Undertow,FN,245.0
P250 | Valence,FN,8.29
P250 | Verdigris,FN,7.31
P250 | Visions,FN,80.0
P250 | Wingshot,FN,60.0
P90 | Blind Spot,FN,91.6
P90 | Chopper,FN,27.9
P90 | Cocoa Rampage,FN,13.3
P90 | Cold Blooded,FN,435.5
P90 | Death Grip,FN,388.0
P90 | Death by Kitty,MW,769.4
P90 | Desert Warfare,FN,36.88
P90 | Emerald Dragon,FN,3173.02
P90 | Freight,FN,4.64
P90 | Grim,FN,4.62
P90 | Nostalgia,FN,100.0
P90 | Off World,FN,4.95
P90 | Shallow Grave,FN,650.0
P90 | Shapewood,FN,299.0
P90 | Trigon,MW,107.0
P90 | Vent Rush,FN,12.77
PP-Bizon | Cobalt Halftone,FN,35.62
PP-Bizon | Embargo,FN,70.99
PP-Bizon | Fuel Rod,FN,44.49
PP-Bizon | Harvester,FN,21.38
PP-Bizon | High Roller,FN,199.5
PP-Bizon | Judgement of Anubis,FN,865.0
PP-Bizon | Jungle Slipstream,FN,3.7
PP-Bizon | Lumen,FN,26.45
PP-Bizon | Night Riot,FN,3.06
PP-Bizon | Osiris,FN,24.3
PP-Bizon | Photic Zone,FN,25.0
PP-Bizon | Runic,FN,4.5
PP-Bizon | Space Cat,FN,11.51
PP-Bizon | Water Sigil,FN,19.9
R8 Revolver | Banana Cannon,FN,23.0
R8 Revolver | Bone Forged,FN,2.88
R8 Revolver | Crazy 8,FN,22.9
R8 Revolver | Fade,FN,595.0
R8 Revolver | Grip,FN,4.69
R8 Revolver | Llama Cannon,FN,228.5
R8 Revolver | Memento,FN,16.0
R8 Revolver | Reboot,FN,39.97
R8 Revolver | Skull Crusher,FT,54.0
SCAR-20 | Assault,FN,3.35
SCAR-20 | Bloodsport,FN,189.4
SCAR-20 | Blueprint,FN,4.66
SCAR-20 | Cardiac,FN,190.0
SCAR-20 | Crimson Web,FN,172.05
SCAR-20 | Enforcer,FN,23.99
SCAR-20 | Fragments,FN,3.0
SCAR-20 | Green Marine,FN,7.28
SCAR-20 | Jungle Slipstream,FN,3.13
SCAR-20 | Outbreak,FN,4.99
SCAR-20 | Poultrygeist,FN,2.36
SCAR-20 | Powercore,FN,33.0
SCAR-20 | Torn,FN,11.8
SG 553 | Aerial,FN,3.88
SG 553 | Aloha,FN,2.5
SG 553 | Atlas,FN,6.0
SG 553 | Colony IV,FN,459.5
SG 553 | Cyrex,FN,184.5
SG 553 | Danger Close,FN,4.23
SG 553 | Darkwing,FN,24.28
SG 553 | Dragon Tech,FN,12.33
SG 553 | Heavy Metal,FN,6.03
SG 553 | Ol' Rusty,FN,2.42
SG 553 | Phantom,FN,23.0
SG 553 | Pulse,MW,66.5
SG 553 | Tiger Moth,FN,41.9
SG 553 | Triarch,FN,32.29
SG 553 | Ultraviolet,FN,369.9
SG 553 | Wave Spray,FN,130.0
SSG 08 | Abyss,FN,24.22
SSG 08 | Big Iron,FN,298.0
SSG 08 | Blood in the Water,FN,1200.0
SSG 08 | Bloodshot,MW,899.0
SSG 08 | Dark Water,MW,22.99
SSG 08 | Death's Head,FN,359.4
SSG 08 | Dragonfire,FN,4274.4
SSG 08 | Fever Dream,FN,25.36
SSG 08 | Ghost Crusader,FN,235.0
SSG 08 | Mainframe 001,FN,4.55
SSG 08 | Parallax,FN,117.7
SSG 08 | Slashed,FT,9.17
Sawed-Off | Apocalypto,FN,25.04
Sawed-Off | Black Sand,FN,4.7
Sawed-Off | Devourer,FN,181.5
Sawed-Off | Fubar,WW,9.53
Sawed-Off | Highwayman,FN,28.8
Sawed-Off | Kiss♥Love,FN,106.0
Sawed-Off | Limelight,FN,40.0
Sawed-Off | Morris,FN,5.37
Sawed-Off | Orange DDPAT,FN,649.5
Sawed-Off | Origami,FN,3.34
Sawed-Off | Spirit Board,FN,4.5
Sawed-Off | Wasteland Princess,FN,645.0
Sawed-Off | Yorick,FN,9.8
Sawed-Off | Zander,FN,9.96
Tec-9 | Avalanche,FN,106.0
Tec-9 | Bamboozle,FN,26.78
Tec-9 | Blue Titanium,FN,21.4
Tec-9 | Brother,FN,23.95
Tec-9 | Cracked Opal,FN,8.79
Tec-9 | Cut Out,FN,85.9
Tec-9 | Decimator,FN,545.0
Tec-9 | Flash Out,FN,4.04
Tec-9 | Fubar,MW,12.9
Tec-9 | Fuel Injector,FN,327.0
Tec-9 | Ice Cap,FN,5.54
Tec-9 | Isaac,FN,104.99
Tec-9 | Re-Entry,FN,23.99
Tec-9 | Rebel,FN,4.42
Tec-9 | Sandstorm,MW,15.98
Tec-9 | Titanium Bit,FN,53.89
UMP-45 | Arctic Wolf,FN,16.99
UMP-45 | Bone Pile,FN,119.5
UMP-45 | Briefing,FN,6.49
UMP-45 | Corporal,FN,14.67
UMP-45 | Delusion,FN,25.2
UMP-45 | Exposure,FN,21.5
UMP-45 | Gold Bismuth,FN,115.0
UMP-45 | Grand Prix,FT,9.78
UMP-45 | Labyrinth,FN,5.6
UMP-45 | Metal Flowers,FN,48.88
UMP-45 | Momentum,FN,97.82
UMP-45 | Moonrise,FN,16.59
UMP-45 | Oscillator,FN,3.68
UMP-45 | Plastique,FN,20.14
UMP-45 | Primal Saber,FN,220.0
UMP-45 | Roadblock,FN,4.78
UMP-45 | Scaffold,FN,39.74
UMP-45 | Wild Child,FN,123.33
USP-S | Black Lotus,FN,135.0
USP-S | Blood Tiger,FN,53.45
USP-S | Cortex,FN,175.45
USP-S | Cyrex,FN,74.42
USP-S | Dark Water,MW,709.0
USP-S | Flashback,FN,14.6
USP-S | Guardian,FN,69.99
USP-S | Kill Confirmed,FN,2696.99
USP-S | Monster Mashup,FN,848.5
USP-S | Neo-Noir,FN,977.4
USP-S | Overgrowth,FN,649.0
USP-S | Printstream,FN,866.9
USP-S | Serum,FN,603.5
USP-S | Stainless,FN,229.0
USP-S | Ticket to Hell,FN,15.78
XM1014 | Black Tie,FN,24.32
XM1014 | Entombed,FN,69.0
XM1014 | Oxide Blaze,FN,2.7
XM1014 | Red Python,MW,20.6
XM1014 | Scumbria,FN,9.9
XM1014 | Seasons,FN,25.0
XM1014 | Slipstream,FN,3.87
XM1014 | Teclu Burner,FN,41.76
XM1014 | Tranquility,FN,179.0
XM1014 | Watchdog,FN,32.5
XM1014 | Ziggy,FN,22.5
XM1014 | Zombie Offensive,FN,11.13
★ Bayonet | Autotronic,FN,4399.0
★ Bayonet | Black Laminate,FN,2700.0
★ Bayonet | Blue Steel,FN,3599.5
★ Bayonet | Boreal Forest,FN,4700.91
★ Bayonet | Bright Water,FN,1358.0
★ Bayonet | Case Hardened,FN,4888.88
★ Bayonet | Crimson Web,FN,15000.0
★ Bayonet | Crimson Web,MW,2727.0
★ Bayonet | Damascus Steel,FN,1508.0
★ Bayonet | Doppler,FN,2956.6666666666665
★ Bayonet | Fade,FN,2968.0714285714284
★ Bayonet | Forest DDPAT,FN,4000.0
★ Bayonet | Freehand,FN,1487.5
★ Bayonet | Gamma Doppler,FN,4100.0
★ Bayonet | Lore,FN,3548.25
★ Bayonet | Marble Fade,FN,2750.0
★ Bayonet | Night,FN,7000.0
★ Bayonet | Rust Coat,WW,995.0
★ Bayonet | Safari Mesh,MW,929.4900000000001
★ Bayonet | Scorched,MW,1168.5
★ Bayonet | Slaughter,FN,2805.0
★ Bayonet | Stained,FN,1949.5
★ Bayonet | Tiger Tooth,FN,2249.5
★ Bayonet | Ultraviolet,FN,4199.5
★ Bayonet | Urban Masked,BS,860.0
★ Bayonet | Urban Masked,MW,1200.0
★ Bloodhound Gloves | Bronzed,FN,12320.88
★ Bloodhound Gloves | Charred,FN,6000.0
★ Bloodhound Gloves | Guerrilla,FN,8998.5
★ Bloodhound Gloves | Snakebite,FN,4400.0
★ Bowie Knife | Autotronic,FN,1288.0
★ Bowie Knife | Black Laminate,FN,930.0
★ Bowie Knife | Blue Steel,FN,1800.0
★ Bowie Knife | Boreal Forest,FN,1398.0
★ Bowie Knife | Bright Water,FN,544.0
★ Bowie Knife | Case Hardened,FN,3814.11
★ Bowie Knife | Crimson Web,FN,15000.0
★ Bowie Knife | Damascus Steel,FN,809.99
★ Bowie Knife | Doppler,FN,2000.0
★ Bowie Knife | Fade,FN,1787.5
★ Bowie Knife | Forest DDPAT,FN,1180.0
★ Bowie Knife | Freehand,FN,649.0
★ Bowie Knife | Gamma Doppler,FN,1549.75
★ Bowie Knife | Lore,FN,1688.0
★ Bowie Knife | Marble Fade,FN,1398.0
★ Bowie Knife | Night,MW,934.0
★ Bowie Knife | Rust Coat,WW,510.0
★ Bowie Knife | Safari Mesh,MW,466.0
★ Bowie Knife | Scorched,MW,532.0
★ Bowie Knife | Slaughter,FN,1750.0
★ Bowie Knife | Stained,FN,1146.48
★ Bowie Knife | Tiger Tooth,FN,1080.0
★ Bowie Knife | Ultraviolet,FN,3403.41
★ Bowie Knife | Urban Masked,FN,1380.0
★ Broken Fang Gloves | Jade,FN,5000.0
★ Broken Fang Gloves | Needle Point,FN,2292.4
★ Broken Fang Gloves | Unhinged,FN,2499.0
★ Butterfly Knife | Autotronic,FN,13500.0
★ Butterfly Knife | Black Laminate,FN,6898.0
★ Butterfly Knife | Bright Water,FN,4788.0
★ Butterfly Knife | Case Hardened,BS,4900.0
★ Butterfly Knife | Crimson Web,FN,37999.0
★ Butterfly Knife | Damascus Steel,FN,6358.5
★ Butterfly Knife | Doppler,FN,17990.0
★ Butterfly Knife | Fade,FN,20700.0
★ Butterfly Knife | Forest DDPAT,FN,6888.0
★ Butterfly Knife | Freehand,FN,5349.0
★ Butterfly Knife | Gamma Doppler,FN,17777.0
★ Butterfly Knife | Lore,FN,20299.5
★ Butterfly Knife | Marble Fade,FN,11340.0
★ Butterfly Knife | Night,FN,9799.5
★ Butterfly Knife | Rust Coat,WW,3880.0
★ Butterfly Knife | Safari Mesh,FN,3800.0
★ Butterfly Knife | Scorched,FN,7000.0
★ Butterfly Knife | Slaughter,FN,12499.5
★ Butterfly Knife | Stained,FN,6655.0
★ Butterfly Knife | Tiger Tooth,FN,8930.0
★ Butterfly Knife | Ultraviolet,FN,14499.5
★ Butterfly Knife | Urban Masked,FN,5688.0
★ Driver Gloves | Black Tie,FN,13400.0
★ Driver Gloves | Convoy,FN,7777.0
★ Driver Gloves | Crimson Weave,FN,17999.0
★ Driver Gloves | Diamondback,FN,11000.0
★ Driver Gloves | Imperial Plaid,FN,9200.0
★ Driver Gloves | King Snake,FN,29750.0
★ Driver Gloves | Lunar Weave,FN,25000.0
★ Driver Gloves | Overtake,FN,3600.0
★ Driver Gloves | Queen Jaguar,FN,3500.0
★ Driver Gloves | Racing Green,FN,2888.0
★ Driver Gloves | Rezan the Red,FN,6888.0
★ Driver Gloves | Snow Leopard,FN,18800.0
★ Falchion Knife | Autotronic,FN,1211.0
★ Falchion Knife | Black Laminate,FN,849.0
★ Falchion Knife | Blue Steel,FN,1999.0
★ Falchion Knife | Boreal Forest,FN,2843.25
★ Falchion Knife | Bright Water,FN,629.5
★ Falchion Knife | Case Hardened,FN,2799.5
★ Falchion Knife | Crimson Web,FN,20000.0
★ Falchion Knife | Damascus Steel,FN,825.0
★ Falchion Knife | Doppler,FN,2240.0
★ Falchion Knife | Fade,FN,1699.0
★ Falchion Knife | Forest DDPAT,FN,2382.4
★ Falchion Knife | Freehand,FN,716.99
★ Falchion Knife | Gamma Doppler,FN,1678.95
★ Falchion Knife | Lore,FN,1187.5
★ Falchion Knife | Marble Fade,FN,1400.0
★ Falchion Knife | Night,FN,2099.0
★ Falchion Knife | Rust Coat,WW,580.0
★ Falchion Knife | Safari Mesh,FN,1175.0
★ Falchion Knife | Scorched,FN,1000.0
★ Falchion Knife | Slaughter,FN,1820.0
★ Falchion Knife | Stained,FN,1099.0
★ Falchion Knife | Tiger Tooth,FN,1096.98
★ Falchion Knife | Tiger Tooth,MW,1600.0
★ Falchion Knife | Ultraviolet,FN,1999.0
★ Falchion Knife | Urban Masked,FN,1666.0
★ Flip Knife | Autotronic,FN,2380.0
★ Flip Knife | Black Laminate,FN,1494.5
★ Flip Knife | Blue Steel,FN,2000.0
★ Flip Knife | Boreal Forest,FN,2591.49
★ Flip Knife | Bright Water,FN,897.25
★ Flip Knife | Case Hardened,FN,2550.0
★ Flip Knife | Crimson Web,FN,9666.0
★ Flip Knife | Crimson Web,MW,1798.0
★ Flip Knife | Damascus Steel,FN,935.0
★ Flip Knife | Doppler,FN,2323.0
★ Flip Knife | Fade,FN,2459.5
★ Flip Knife | Forest DDPAT,BS,666.0
★ Flip Knife | Forest DDPAT,FN,2021.29
★ Flip Knife | Freehand,FN,896.5
★ Flip Knife | Gamma Doppler,FN,3179.99
★ Flip Knife | Lore,FN,2000.0
★ Flip Knife | Marble Fade,FN,1860.0
★ Flip Knife | Night,FN,3859.5
★ Flip Knife | Rust Coat,WW,740.0
★ Flip Knife | Safari Mesh,FN,1600.0
★ Flip Knife | Scorched,FN,2867.41
★ Flip Knife | Slaughter,FN,2079.2
★ Flip Knife | Stained,FN,1487.5
★ Flip Knife | Stained,FT,759.0
★ Flip Knife | Tiger Tooth,FN,1499.7
★ Flip Knife | Ultraviolet,FN,2400.0
★ Flip Knife | Urban Masked,MW,749.4
★ Gut Knife | Blue Steel,FN,1190.0
★ Gut Knife | Boreal Forest,FN,6593.11
★ Gut Knife | Case Hardened,FN,2183.93
★ Gut Knife | Crimson Web,FN,5699.2
★ Gut Knife | Damascus Steel,FN,508.99
★ Gut Knife | Doppler,FN,910.0
★ Gut Knife | Fade,FN,999.0
★ Gut Knife | Forest DDPAT,FN,1344.22
★ Gut Knife | Marble Fade,FN,849.5
★ Gut Knife | Night,MW,549.0
★ Gut Knife | Rust Coat,WW,750.0
★ Gut Knife | Safari Mesh,FN,2799.5
★ Gut Knife | Scorched,FN,2785.69
★ Gut Knife | Slaughter,FN,977.5
★ Gut Knife | Slaughter,MW,844.0
★ Gut Knife | Stained,FN,800.0
★ Gut Knife | Tiger Tooth,FN,728.5
★ Gut Knife | Ultraviolet,FN,1775.0
★ Gut Knife | Urban Masked,FN,999.0
★ Hand Wraps | Arboreal,FN,2100.0
★ Hand Wraps | Badlands,FN,12000.0
★ Hand Wraps | CAUTION!,FN,7499.0
★ Hand Wraps | CAUTION!,MW,2447.0
★ Hand Wraps | Cobalt Skulls,FN,12300.0
★ Hand Wraps | Constrictor,FN,2330.0
★ Hand Wraps | Desert Shamagh,FN,3200.0
★ Hand Wraps | Duct Tape,FN,3840.47
★ Hand Wraps | Giraffe,FN,3100.0
★ Hand Wraps | Leather,FN,11800.0
★ Hand Wraps | Overprint,FN,4238.0
★ Hand Wraps | Slaughter,FN,13000.0
★ Hand Wraps | Spruce DDPAT,FN,11000.0
★ Huntsman Knife | Autotronic,FN,1500.0
★ Huntsman Knife | Black Laminate,FN,1398.0
★ Huntsman Knife | Blue Steel,MW,1499.9
★ Huntsman Knife | Boreal Forest,FN,3600.0
★ Huntsman Knife | Bright Water,FN,599.75
★ Huntsman Knife | Case Hardened,FN,3569.0
★ Huntsman Knife | Crimson Web,FN,5555.0
★ Huntsman Knife | Damascus Steel,FN,894.5
★ Huntsman Knife | Doppler,FN,2340.0
★ Huntsman Knife | Fade,FN,1898.0
★ Huntsman Knife | Forest DDPAT,MW,755.0
★ Huntsman Knife | Freehand,FN,680.0
★ Huntsman Knife | Gamma Doppler,FN,1710.0
★ Huntsman Knife | Lore,FN,1245.0
★ Huntsman Knife | Marble Fade,FN,1407.0
★ Huntsman Knife | Night,FN,12736.35
★ Huntsman Knife | Rust Coat,WW,520.0
★ Huntsman Knife | Safari Mesh,MW,500.0
★ Huntsman Knife | Scorched,FN,3296.48
★ Huntsman Knife | Slaughter,FN,2299.5
★ Huntsman Knife | Stained,FN,1450.0
★ Huntsman Knife | Tiger Tooth,FN,1147.5
★ Huntsman Knife | Ultraviolet,FN,2800.0
★ Huntsman Knife | Urban Masked,MW,645.0
★ Hydra Gloves | Case Hardened,FN,2987.9
★ Hydra Gloves | Emerald,FN,1750.0
★ Hydra Gloves | Mangrove,FN,1924.25
★ Hydra Gloves | Rattler,FN,1948.75
★ Karambit | Autotronic,FN,13599.5
★ Karambit | Black Laminate,FN,7899.5
★ Karambit | Blue Steel,FN,9000.0
★ Karambit | Boreal Forest,FN,7123.28
★ Karambit | Bright Water,FN,3996.5
★ Karambit | Case Hardened,FN,14049.0
★ Karambit | Crimson Web,FN,48888.0
★ Karambit | Damascus Steel,FN,5020.0
★ Karambit | Doppler,FN,10767.25
★ Karambit | Fade,FN,16887.05
★ Karambit | Forest DDPAT,FN,8000.0
★ Karambit | Freehand,FN,4099.0
★ Karambit | Gamma Doppler,FN,20558.56
★ Karambit | Lore,FN,10899.5
★ Karambit | Marble Fade,FN,8300.0
★ Karambit | Night,FN,13333.0
★ Karambit | Rust Coat,WW,3550.0
★ Karambit | Safari Mesh,FN,4000.0
★ Karambit | Scorched,FN,7500.0
★ Karambit | Slaughter,FN,8322.222222222223
★ Karambit | Stained,FN,5600.0
★ Karambit | Tiger Tooth,FN,6919.5
★ Karambit | Ultraviolet,FN,13888.0
★ Karambit | Urban Masked,FN,6833.910000000001
★ M9 Bayonet | Autotronic,FN,10700.0
★ M9 Bayonet | Black Laminate,FN,5000.0
★ M9 Bayonet | Blue Steel,FN,6500.0
★ M9 Bayonet | Boreal Forest,FN,6999.0
★ M9 Bayonet | Bright Water,FN,3018.25
★ M9 Bayonet | Case Hardened,FN,8500.0
★ M9 Bayonet | Case Hardened,WW,3200.0
★ M9 Bayonet | Crimson Web,FN,35255.0
★ M9 Bayonet | Damascus Steel,FN,3730.0
★ M9 Bayonet | Doppler,FN,7786.75
★ M9 Bayonet | Fade,FN,8845.954545454546
★ M9 Bayonet | Forest DDPAT,FN,200000.0
★ M9 Bayonet | Freehand,FN,3188.0
★ M9 Bayonet | Gamma Doppler,FN,12448.0
★ M9 Bayonet | Lore,FN,12325.5
★ M9 Bayonet | Marble Fade,FN,6418.0
★ M9 Bayonet | Night,FN,7800.0
★ M9 Bayonet | Rust Coat,WW,2600.0
★ M9 Bayonet | Safari Mesh,MW,2030.0
★ M9 Bayonet | Scorched,FN,6500.0
★ M9 Bayonet | Slaughter,FN,6900.0
★ M9 Bayonet | Stained,FN,3500.0
★ M9 Bayonet | Tiger Tooth,FN,5369.5
★ M9 Bayonet | Ultraviolet,FN,10800.0
★ M9 Bayonet | Urban Masked,MW,2270.0
★ Moto Gloves | 3rd Commando Company,FN,2387.5
★ Moto Gloves | Blood Pressure,FN,6799.5
★ Moto Gloves | Boom!,FN,10000.0
★ Moto Gloves | Cool Mint,FN,29500.0
★ Moto Gloves | Eclipse,FN,8800.0
★ Moto Gloves | Finish Line,FN,5000.0
★ Moto Gloves | Finish Line,MW,1909.5
★ Moto Gloves | POW!,FN,7800.0
★ Moto Gloves | Polygon,FN,5777.0
★ Moto Gloves | Smoke Out,FN,6666.0
★ Moto Gloves | Spearmint,FN,96000.0
★ Moto Gloves | Transport,FN,3399.5
★ Moto Gloves | Turtle,FN,5400.0
★ Navaja Knife | Blue Steel,FN,887.99
★ Navaja Knife | Boreal Forest,FN,1415.0
★ Navaja Knife | Case Hardened,FN,1199.5
★ Navaja Knife | Crimson Web,FN,3600.0
★ Navaja Knife | Damascus Steel,FN,480.0
★ Navaja Knife | Damascus Steel,WW,400.0
★ Navaja Knife | Doppler,FN,883.0
★ Navaja Knife | Fade,FN,791.5
★ Navaja Knife | Forest DDPAT,FN,831.5
★ Navaja Knife | Marble Fade,FN,677.0
★ Navaja Knife | Night Stripe,FN,904.53
★ Navaja Knife | Rust Coat,WW,485.0
★ Navaja Knife | Safari Mesh,MW,399.0
★ Navaja Knife | Scorched,FN,1350.0
★ Navaja Knife | Slaughter,FN,710.0
★ Navaja Knife | Stained,FN,797.5
★ Navaja Knife | Tiger Tooth,FN,552.5
★ Navaja Knife | Ultraviolet,FN,1637.8
★ Navaja Knife | Urban Masked,FN,1618.07
★ Nomad Knife | Blue Steel,FN,1885.0
★ Nomad Knife | Boreal Forest,FN,1700.0
★ Nomad Knife | Case Hardened,FN,2400.0
★ Nomad Knife | Crimson Web,FN,7900.0
★ Nomad Knife | Fade,FN,2748.0
★ Nomad Knife | Forest DDPAT,FN,1400.0
★ Nomad Knife | Night Stripe,FN,1488.0
★ Nomad Knife | Safari Mesh,FN,1175.0
★ Nomad Knife | Scorched,FN,1587.0
★ Nomad Knife | Slaughter,FN,1898.5
★ Nomad Knife | Stained,FN,1380.0
★ Nomad Knife | Urban Masked,FN,2348.0
★ Paracord Knife | Blue Steel,FN,1369.5
★ Paracord Knife | Boreal Forest,FN,1288.0
★ Paracord Knife | Case Hardened,FN,1868.5
★ Paracord Knife | Case Hardened,MW,1000.0
★ Paracord Knife | Crimson Web,FN,10000.0
★ Paracord Knife | Fade,FN,1229.5
★ Paracord Knife | Forest DDPAT,FN,1099.0
★ Paracord Knife | Night Stripe,FN,1500.0
★ Paracord Knife | Safari Mesh,FN,1050.0
★ Paracord Knife | Scorched,FN,989.5
★ Paracord Knife | Slaughter,FN,1185.0
★ Paracord Knife | Stained,FN,950.0
★ Paracord Knife | Urban Masked,FN,1099.0
★ Shadow Daggers | Autotronic,FN,725.0
★ Shadow Daggers | Black Laminate,FN,579.0
★ Shadow Daggers | Blue Steel,FN,926.0
★ Shadow Daggers | Boreal Forest,FN,899.5
★ Shadow Daggers | Bright Water,FN,399.49
★ Shadow Daggers | Case Hardened,FN,1988.0
★ Shadow Daggers | Crimson Web,FN,3500.0
★ Shadow Daggers | Damascus Steel,FN,509.46
★ Shadow Daggers | Doppler,FN,1080.0
★ Shadow Daggers | Fade,FN,1087.5
★ Shadow Daggers | Forest DDPAT,FN,1223.33
★ Shadow Daggers | Freehand,FN,491.745
★ Shadow Daggers | Gamma Doppler,FN,791.0
★ Shadow Daggers | Lore,FN,999.5
★ Shadow Daggers | Marble Fade,FN,777.0
★ Shadow Daggers | Night,MW,500.0
★ Shadow Daggers | Rust Coat,WW,499.0
★ Shadow Daggers | Safari Mesh,FN,1232.16
★ Shadow Daggers | Scorched,FN,2011.53
★ Shadow Daggers | Slaughter,FN,820.0
★ Shadow Daggers | Stained,FN,1049.98
★ Shadow Daggers | Tiger Tooth,FN,625.75
★ Shadow Daggers | Ultraviolet,FN,1800.0
★ Shadow Daggers | Urban Masked,FN,1282.32
★ Skeleton Knife | Blue Steel,FN,2850.0
★ Skeleton Knife | Boreal Forest,FN,1988.0
★ Skeleton Knife | Case Hardened,FN,5000.0
★ Skeleton Knife | Crimson Web,FN,16000.0
★ Skeleton Knife | Fade,FN,4880.0
★ Skeleton Knife | Forest DDPAT,FN,2100.0
★ Skeleton Knife | Night Stripe,FN,3153.0
★ Skeleton Knife | Safari Mesh,FN,1586.0
★ Skeleton Knife | Scorched,FN,2979.5
★ Skeleton Knife | Slaughter,FN,3348.0
★ Skeleton Knife | Stained,FN,2020.0
★ Skeleton Knife | Urban Masked,FN,2900.0
★ Specialist Gloves | Buckshot,FN,2949.5
★ Specialist Gloves | Crimson Kimono,FN,140000.0
★ Specialist Gloves | Crimson Web,FN,13500.0
★ Specialist Gloves | Emerald Web,FN,89999.0
★ Specialist Gloves | Fade,FN,19998.5
★ Specialist Gloves | Field Agent,FN,9000.0
★ Specialist Gloves | Forest DDPAT,FN,8888.0
★ Specialist Gloves | Foundation,FN,24880.0
★ Specialist Gloves | Lt. Commander,FN,7199.0
★ Specialist Gloves | Marble Fade,FN,16387.5
★ Specialist Gloves | Mogul,FN,5664.0
★ Specialist Gloves | Tiger Strike,FN,13888.0
★ Sport Gloves | Amphibious,FN,30888.0
★ Sport Gloves | Arid,FN,49999.0
★ Sport Gloves | Big Game,FN,8997.0
★ Sport Gloves | Bronze Morph,FN,6498.5
★ Sport Gloves | Hedge Maze,FN,250000.0
★ Sport Gloves | Nocts,FN,28888.0
★ Sport Gloves | Omega,FN,17700.0
★ Sport Gloves | Pandora's Box,FN,330000.0
★ Sport Gloves | Scarlet Shamagh,FN,11799.9
★ Sport Gloves | Slingshot,FN,32998.0
★ Sport Gloves | Superconductor,FN,98888.0
★ Sport Gloves | Vice,FN,81899.49
★ Stiletto Knife | Blue Steel,FN,2100.0
★ Stiletto Knife | Boreal Forest,FN,2288.0
★ Stiletto Knife | Case Hardened,FN,3799.0
★ Stiletto Knife | Crimson Web,FN,9599.0
★ Stiletto Knife | Damascus Steel,FN,1298.0
★ Stiletto Knife | Doppler,FN,3439.5
★ Stiletto Knife | Fade,FN,3198.49
★ Stiletto Knife | Forest DDPAT,FN,1882.5
★ Stiletto Knife | Marble Fade,FN,2135.0
★ Stiletto Knife | Night Stripe,FN,2850.0
★ Stiletto Knife | Rust Coat,WW,933.0
★ Stiletto Knife | Safari Mesh,FN,1999.0
★ Stiletto Knife | Scorched,FN,2000.0
★ Stiletto Knife | Slaughter,FN,2927.0
★ Stiletto Knife | Stained,FN,1588.88
★ Stiletto Knife | Tiger Tooth,FN,1870.0
★ Stiletto Knife | Ultraviolet,FN,3999.5
★ Stiletto Knife | Urban Masked,FN,1900.0
★ Survival Knife | Blue Steel,FN,999.0
★ Survival Knife | Boreal Forest,FN,888.0
★ Survival Knife | Case Hardened,FN,1687.0
★ Survival Knife | Crimson Web,FN,5146.0
★ Survival Knife | Fade,FN,1164.5
★ Survival Knife | Forest DDPAT,FN,1079.0
★ Survival Knife | Night Stripe,FN,1431.28
★ Survival Knife | Safari Mesh,FN,1000.0
★ Survival Knife | Scorched,FN,1100.0
★ Survival Knife | Slaughter,FN,1147.0
★ Survival Knife | Stained,FN,1018.0
★ Survival Knife | Urban Masked,FN,1477.0
★ Talon Knife | Blue Steel,FN,4299.5
★ Talon Knife | Boreal Forest,FN,3486.5
★ Talon Knife | Case Hardened,FN,7200.0
★ Talon Knife | Crimson Web,FN,16000.0
★ Talon Knife | Damascus Steel,FN,2439.5
★ Talon Knife | Doppler,FN,6199.9
★ Talon Knife | Fade,FN,6778.5
★ Talon Knife | Forest DDPAT,FN,3500.0
★ Talon Knife | Marble Fade,FN,4280.0
★ Talon Knife | Night Stripe,FN,4550.0
★ Talon Knife | Rust Coat,WW,1799.5
★ Talon Knife | Safari Mesh,FN,3000.0
★ Talon Knife | Scorched,FN,2400.0
★ Talon Knife | Slaughter,FN,5145.0
★ Talon Knife | Stained,FN,2830.0
★ Talon Knife | Tiger Tooth,FN,3380.0
★ Talon Knife | Ultraviolet,FN,6888.0
★ Talon Knife | Urban Masked,FN,4887.5
★ Ursus Knife | Blue Steel,FN,1350.0
★ Ursus Knife | Boreal Forest,FN,919.5
★ Ursus Knife | Case Hardened,FN,2289.0
★ Ursus Knife | Crimson Web,FN,6900.0
★ Ursus Knife | Damascus Steel,FN,699.5
★ Ursus Knife | Doppler,FN,1928.0
★ Ursus Knife | Fade,FN,1738.75
★ Ursus Knife | Forest DDPAT,FN,1299.0
★ Ursus Knife | Marble Fade,FN,1278.25
★ Ursus Knife | Night Stripe,FN,1852.24
★ Ursus Knife | Rust Coat,WW,518.5
★ Ursus Knife | Safari Mesh,FN,888.0
★ Ursus Knife | Scorched,FN,1600.0
★ Ursus Knife | Slaughter,FN,1420.0
★ Ursus Knife | Stained,FN,980.0
★ Ursus Knife | Tiger Tooth,FN,1135.0
★ Ursus Knife | Ultraviolet,FN,3000.0
★ Ursus Knife | Urban Masked,FN,1920.0
